{"cameraMode":{"drawMode":0,"name":"Shaded","section":"Shading Mode"},"sceneLighting":true,"audioPlay":false,"sceneViewState":{"m_AlwaysRefresh":false,"showFog":true,"showSkybox":true,"showFlares":true,"showImageEffects":true,"showParticleSystems":true,"showVisualEffectGraphs":true,"m_FxEnabled":true},"in2DMode":false,"pivot":{"x":30.725738525390626,"y":0.6962001323699951,"z":65.01235961914063},"rotation":{"x":0.15821965038776399,"y":-0.0370183065533638,"z":0.005936021916568279,"w":0.9866922497749329},"size":4.851314544677734,"orthographic":false}